run_name,model,cfg_path,out_dir,status
lif__id000__tau2__vth1__lr0p0003__a8__ig1p5__ls1p5__wd0__h256__L2,lif,/home/yhxu/spikingjelly/spikingjelly/spikingjelly/SNNFF/FF/SHD/result/fintune/shd_ff/configs/lif__id000__tau2__vth1__lr0p0003__a8__ig1p5__ls1p5__wd0__h256__L2.json,/home/yhxu/spikingjelly/spikingjelly/spikingjelly/SNNFF/FF/SHD/result/fintune/shd_ff/runs/lif__id000__tau2__vth1__lr0p0003__a8__ig1p5__ls1p5__wd0__h256__L2,DONE
lif__id001__tau3__vth1__lr0p0003__a4__ig0p8__ls1p5__wd1em05__h256__L1,lif,/home/yhxu/spikingjelly/spikingjelly/spikingjelly/SNNFF/FF/SHD/result/fintune/shd_ff/configs/lif__id001__tau3__vth1__lr0p0003__a4__ig0p8__ls1p5__wd1em05__h256__L1.json,/home/yhxu/spikingjelly/spikingjelly/spikingjelly/SNNFF/FF/SHD/result/fintune/shd_ff/runs/lif__id001__tau3__vth1__lr0p0003__a4__ig0p8__ls1p5__wd1em05__h256__L1,DONE
lif__id002__tau3__vth1__lr0p001__a8__ig1p2__ls0p8__wd1em05__h256__L2,lif,/home/yhxu/spikingjelly/spikingjelly/spikingjelly/SNNFF/FF/SHD/result/fintune/shd_ff/configs/lif__id002__tau3__vth1__lr0p001__a8__ig1p2__ls0p8__wd1em05__h256__L2.json,/home/yhxu/spikingjelly/spikingjelly/spikingjelly/SNNFF/FF/SHD/result/fintune/shd_ff/runs/lif__id002__tau3__vth1__lr0p001__a8__ig1p2__ls0p8__wd1em05__h256__L2,DONE
lif__id003__tau3__vth0p7__lr0p001__a4__ig1__ls1p2__wd1em05__h256__L2,lif,/home/yhxu/spikingjelly/spikingjelly/spikingjelly/SNNFF/FF/SHD/result/fintune/shd_ff/configs/lif__id003__tau3__vth0p7__lr0p001__a4__ig1__ls1p2__wd1em05__h256__L2.json,/home/yhxu/spikingjelly/spikingjelly/spikingjelly/SNNFF/FF/SHD/result/fintune/shd_ff/runs/lif__id003__tau3__vth0p7__lr0p001__a4__ig1__ls1p2__wd1em05__h256__L2,DONE
lif__id004__tau4__vth0p3__lr0p0003__a6__ig1p5__ls1p5__wd1em05__h384__L2,lif,/home/yhxu/spikingjelly/spikingjelly/spikingjelly/SNNFF/FF/SHD/result/fintune/shd_ff/configs/lif__id004__tau4__vth0p3__lr0p0003__a6__ig1p5__ls1p5__wd1em05__h384__L2.json,/home/yhxu/spikingjelly/spikingjelly/spikingjelly/SNNFF/FF/SHD/result/fintune/shd_ff/runs/lif__id004__tau4__vth0p3__lr0p0003__a6__ig1p5__ls1p5__wd1em05__h384__L2,DONE
lif__id005__tau2__vth0p3__lr0p002__a8__ig1p5__ls1__wd0p0001__h500__L2,lif,/home/yhxu/spikingjelly/spikingjelly/spikingjelly/SNNFF/FF/SHD/result/fintune/shd_ff/configs/lif__id005__tau2__vth0p3__lr0p002__a8__ig1p5__ls1__wd0p0001__h500__L2.json,/home/yhxu/spikingjelly/spikingjelly/spikingjelly/SNNFF/FF/SHD/result/fintune/shd_ff/runs/lif__id005__tau2__vth0p3__lr0p002__a8__ig1p5__ls1__wd0p0001__h500__L2,DONE
lif__id006__tau4__vth1__lr0p002__a4__ig1__ls0p8__wd1em05__h256__L1,lif,/home/yhxu/spikingjelly/spikingjelly/spikingjelly/SNNFF/FF/SHD/result/fintune/shd_ff/configs/lif__id006__tau4__vth1__lr0p002__a4__ig1__ls0p8__wd1em05__h256__L1.json,/home/yhxu/spikingjelly/spikingjelly/spikingjelly/SNNFF/FF/SHD/result/fintune/shd_ff/runs/lif__id006__tau4__vth1__lr0p002__a4__ig1__ls0p8__wd1em05__h256__L1,DONE
lif__id007__tau4__vth0p7__lr0p001__a8__ig1p5__ls1p5__wd0p0001__h500__L2,lif,/home/yhxu/spikingjelly/spikingjelly/spikingjelly/SNNFF/FF/SHD/result/fintune/shd_ff/configs/lif__id007__tau4__vth0p7__lr0p001__a8__ig1p5__ls1p5__wd0p0001__h500__L2.json,/home/yhxu/spikingjelly/spikingjelly/spikingjelly/SNNFF/FF/SHD/result/fintune/shd_ff/runs/lif__id007__tau4__vth0p7__lr0p001__a8__ig1p5__ls1p5__wd0p0001__h500__L2,DONE
lif__id008__tau4__vth0p3__lr0p001__a4__ig0p8__ls1p5__wd1em05__h384__L1,lif,/home/yhxu/spikingjelly/spikingjelly/spikingjelly/SNNFF/FF/SHD/result/fintune/shd_ff/configs/lif__id008__tau4__vth0p3__lr0p001__a4__ig0p8__ls1p5__wd1em05__h384__L1.json,/home/yhxu/spikingjelly/spikingjelly/spikingjelly/SNNFF/FF/SHD/result/fintune/shd_ff/runs/lif__id008__tau4__vth0p3__lr0p001__a4__ig0p8__ls1p5__wd1em05__h384__L1,DONE
lif__id009__tau4__vth1__lr0p001__a8__ig1p5__ls1p5__wd0p0001__h384__L1,lif,/home/yhxu/spikingjelly/spikingjelly/spikingjelly/SNNFF/FF/SHD/result/fintune/shd_ff/configs/lif__id009__tau4__vth1__lr0p001__a8__ig1p5__ls1p5__wd0p0001__h384__L1.json,/home/yhxu/spikingjelly/spikingjelly/spikingjelly/SNNFF/FF/SHD/result/fintune/shd_ff/runs/lif__id009__tau4__vth1__lr0p001__a8__ig1p5__ls1p5__wd0p0001__h384__L1,DONE
lif__id010__tau4__vth0p3__lr0p001__a6__ig1p5__ls1p2__wd1em05__h500__L1,lif,/home/yhxu/spikingjelly/spikingjelly/spikingjelly/SNNFF/FF/SHD/result/fintune/shd_ff/configs/lif__id010__tau4__vth0p3__lr0p001__a6__ig1p5__ls1p2__wd1em05__h500__L1.json,/home/yhxu/spikingjelly/spikingjelly/spikingjelly/SNNFF/FF/SHD/result/fintune/shd_ff/runs/lif__id010__tau4__vth0p3__lr0p001__a6__ig1p5__ls1p2__wd1em05__h500__L1,DONE
lif__id011__tau2__vth1__lr0p002__a6__ig1p2__ls0p8__wd0__h256__L2,lif,/home/yhxu/spikingjelly/spikingjelly/spikingjelly/SNNFF/FF/SHD/result/fintune/shd_ff/configs/lif__id011__tau2__vth1__lr0p002__a6__ig1p2__ls0p8__wd0__h256__L2.json,/home/yhxu/spikingjelly/spikingjelly/spikingjelly/SNNFF/FF/SHD/result/fintune/shd_ff/runs/lif__id011__tau2__vth1__lr0p002__a6__ig1p2__ls0p8__wd0__h256__L2,DONE
lif__id012__tau1p5__vth0p3__lr0p0008__a4__ig0p8__ls1p5__wd1em05__h500__L2,lif,/home/yhxu/spikingjelly/spikingjelly/spikingjelly/SNNFF/FF/SHD/result/fintune/shd_ff/configs/lif__id012__tau1p5__vth0p3__lr0p0008__a4__ig0p8__ls1p5__wd1em05__h500__L2.json,/home/yhxu/spikingjelly/spikingjelly/spikingjelly/SNNFF/FF/SHD/result/fintune/shd_ff/runs/lif__id012__tau1p5__vth0p3__lr0p0008__a4__ig0p8__ls1p5__wd1em05__h500__L2,DONE
lif__id013__tau2__vth0p7__lr0p0008__a8__ig0p8__ls1p2__wd0__h500__L1,lif,/home/yhxu/spikingjelly/spikingjelly/spikingjelly/SNNFF/FF/SHD/result/fintune/shd_ff/configs/lif__id013__tau2__vth0p7__lr0p0008__a8__ig0p8__ls1p2__wd0__h500__L1.json,/home/yhxu/spikingjelly/spikingjelly/spikingjelly/SNNFF/FF/SHD/result/fintune/shd_ff/runs/lif__id013__tau2__vth0p7__lr0p0008__a8__ig0p8__ls1p2__wd0__h500__L1,DONE
lif__id014__tau3__vth0p5__lr0p002__a6__ig1__ls1__wd0p0001__h256__L2,lif,/home/yhxu/spikingjelly/spikingjelly/spikingjelly/SNNFF/FF/SHD/result/fintune/shd_ff/configs/lif__id014__tau3__vth0p5__lr0p002__a6__ig1__ls1__wd0p0001__h256__L2.json,/home/yhxu/spikingjelly/spikingjelly/spikingjelly/SNNFF/FF/SHD/result/fintune/shd_ff/runs/lif__id014__tau3__vth0p5__lr0p002__a6__ig1__ls1__wd0p0001__h256__L2,DONE
lif__id015__tau2__vth1__lr0p0008__a6__ig1p2__ls1__wd0__h256__L2,lif,/home/yhxu/spikingjelly/spikingjelly/spikingjelly/SNNFF/FF/SHD/result/fintune/shd_ff/configs/lif__id015__tau2__vth1__lr0p0008__a6__ig1p2__ls1__wd0__h256__L2.json,/home/yhxu/spikingjelly/spikingjelly/spikingjelly/SNNFF/FF/SHD/result/fintune/shd_ff/runs/lif__id015__tau2__vth1__lr0p0008__a6__ig1p2__ls1__wd0__h256__L2,DONE
lif__id016__tau1p5__vth0p3__lr0p0003__a6__ig0p8__ls1p2__wd1em05__h384__L1,lif,/home/yhxu/spikingjelly/spikingjelly/spikingjelly/SNNFF/FF/SHD/result/fintune/shd_ff/configs/lif__id016__tau1p5__vth0p3__lr0p0003__a6__ig0p8__ls1p2__wd1em05__h384__L1.json,/home/yhxu/spikingjelly/spikingjelly/spikingjelly/SNNFF/FF/SHD/result/fintune/shd_ff/runs/lif__id016__tau1p5__vth0p3__lr0p0003__a6__ig0p8__ls1p2__wd1em05__h384__L1,DONE
lif__id017__tau4__vth1__lr0p001__a6__ig1p2__ls0p8__wd0p0001__h256__L2,lif,/home/yhxu/spikingjelly/spikingjelly/spikingjelly/SNNFF/FF/SHD/result/fintune/shd_ff/configs/lif__id017__tau4__vth1__lr0p001__a6__ig1p2__ls0p8__wd0p0001__h256__L2.json,/home/yhxu/spikingjelly/spikingjelly/spikingjelly/SNNFF/FF/SHD/result/fintune/shd_ff/runs/lif__id017__tau4__vth1__lr0p001__a6__ig1p2__ls0p8__wd0p0001__h256__L2,DONE
lif__id018__tau4__vth1__lr0p0008__a8__ig1__ls1p2__wd0p0001__h384__L1,lif,/home/yhxu/spikingjelly/spikingjelly/spikingjelly/SNNFF/FF/SHD/result/fintune/shd_ff/configs/lif__id018__tau4__vth1__lr0p0008__a8__ig1__ls1p2__wd0p0001__h384__L1.json,/home/yhxu/spikingjelly/spikingjelly/spikingjelly/SNNFF/FF/SHD/result/fintune/shd_ff/runs/lif__id018__tau4__vth1__lr0p0008__a8__ig1__ls1p2__wd0p0001__h384__L1,DONE
lif__id019__tau1p5__vth0p3__lr0p0003__a4__ig1p5__ls1__wd0p0001__h500__L1,lif,/home/yhxu/spikingjelly/spikingjelly/spikingjelly/SNNFF/FF/SHD/result/fintune/shd_ff/configs/lif__id019__tau1p5__vth0p3__lr0p0003__a4__ig1p5__ls1__wd0p0001__h500__L1.json,/home/yhxu/spikingjelly/spikingjelly/spikingjelly/SNNFF/FF/SHD/result/fintune/shd_ff/runs/lif__id019__tau1p5__vth0p3__lr0p0003__a4__ig1p5__ls1__wd0p0001__h500__L1,DONE
lif__id020__tau2__vth1__lr0p002__a8__ig1__ls0p8__wd0p0001__h500__L1,lif,/home/yhxu/spikingjelly/spikingjelly/spikingjelly/SNNFF/FF/SHD/result/fintune/shd_ff/configs/lif__id020__tau2__vth1__lr0p002__a8__ig1__ls0p8__wd0p0001__h500__L1.json,/home/yhxu/spikingjelly/spikingjelly/spikingjelly/SNNFF/FF/SHD/result/fintune/shd_ff/runs/lif__id020__tau2__vth1__lr0p002__a8__ig1__ls0p8__wd0p0001__h500__L1,DONE
lif__id021__tau4__vth1__lr0p0008__a6__ig1__ls1p5__wd0__h500__L1,lif,/home/yhxu/spikingjelly/spikingjelly/spikingjelly/SNNFF/FF/SHD/result/fintune/shd_ff/configs/lif__id021__tau4__vth1__lr0p0008__a6__ig1__ls1p5__wd0__h500__L1.json,/home/yhxu/spikingjelly/spikingjelly/spikingjelly/SNNFF/FF/SHD/result/fintune/shd_ff/runs/lif__id021__tau4__vth1__lr0p0008__a6__ig1__ls1p5__wd0__h500__L1,DONE
lif__id022__tau4__vth0p5__lr0p001__a6__ig1p2__ls1p5__wd0__h256__L2,lif,/home/yhxu/spikingjelly/spikingjelly/spikingjelly/SNNFF/FF/SHD/result/fintune/shd_ff/configs/lif__id022__tau4__vth0p5__lr0p001__a6__ig1p2__ls1p5__wd0__h256__L2.json,/home/yhxu/spikingjelly/spikingjelly/spikingjelly/SNNFF/FF/SHD/result/fintune/shd_ff/runs/lif__id022__tau4__vth0p5__lr0p001__a6__ig1p2__ls1p5__wd0__h256__L2,DONE
lif__id023__tau3__vth1__lr0p002__a6__ig1p2__ls0p8__wd0__h384__L2,lif,/home/yhxu/spikingjelly/spikingjelly/spikingjelly/SNNFF/FF/SHD/result/fintune/shd_ff/configs/lif__id023__tau3__vth1__lr0p002__a6__ig1p2__ls0p8__wd0__h384__L2.json,/home/yhxu/spikingjelly/spikingjelly/spikingjelly/SNNFF/FF/SHD/result/fintune/shd_ff/runs/lif__id023__tau3__vth1__lr0p002__a6__ig1p2__ls0p8__wd0__h384__L2,DONE
alif__id024__tau4__vth1__lr0p0008__a8__ig0p8__ls1p2__wd0__h256__L1,alif,/home/yhxu/spikingjelly/spikingjelly/spikingjelly/SNNFF/FF/SHD/result/fintune/shd_ff/configs/alif__id024__tau4__vth1__lr0p0008__a8__ig0p8__ls1p2__wd0__h256__L1.json,/home/yhxu/spikingjelly/spikingjelly/spikingjelly/SNNFF/FF/SHD/result/fintune/shd_ff/runs/alif__id024__tau4__vth1__lr0p0008__a8__ig0p8__ls1p2__wd0__h256__L1,DONE
alif__id025__tau1p5__vth0p7__lr0p0003__a8__ig1__ls1__wd1em05__h500__L1,alif,/home/yhxu/spikingjelly/spikingjelly/spikingjelly/SNNFF/FF/SHD/result/fintune/shd_ff/configs/alif__id025__tau1p5__vth0p7__lr0p0003__a8__ig1__ls1__wd1em05__h500__L1.json,/home/yhxu/spikingjelly/spikingjelly/spikingjelly/SNNFF/FF/SHD/result/fintune/shd_ff/runs/alif__id025__tau1p5__vth0p7__lr0p0003__a8__ig1__ls1__wd1em05__h500__L1,DONE
alif__id026__tau1p5__vth0p7__lr0p0008__a8__ig1p2__ls1__wd0p0001__h500__L2,alif,/home/yhxu/spikingjelly/spikingjelly/spikingjelly/SNNFF/FF/SHD/result/fintune/shd_ff/configs/alif__id026__tau1p5__vth0p7__lr0p0008__a8__ig1p2__ls1__wd0p0001__h500__L2.json,/home/yhxu/spikingjelly/spikingjelly/spikingjelly/SNNFF/FF/SHD/result/fintune/shd_ff/runs/alif__id026__tau1p5__vth0p7__lr0p0008__a8__ig1p2__ls1__wd0p0001__h500__L2,DONE
alif__id027__tau1p5__vth0p3__lr0p002__a6__ig0p8__ls1__wd0__h384__L1,alif,/home/yhxu/spikingjelly/spikingjelly/spikingjelly/SNNFF/FF/SHD/result/fintune/shd_ff/configs/alif__id027__tau1p5__vth0p3__lr0p002__a6__ig0p8__ls1__wd0__h384__L1.json,/home/yhxu/spikingjelly/spikingjelly/spikingjelly/SNNFF/FF/SHD/result/fintune/shd_ff/runs/alif__id027__tau1p5__vth0p3__lr0p002__a6__ig0p8__ls1__wd0__h384__L1,DONE
alif__id028__tau3__vth0p7__lr0p001__a6__ig0p8__ls1__wd0p0001__h500__L2,alif,/home/yhxu/spikingjelly/spikingjelly/spikingjelly/SNNFF/FF/SHD/result/fintune/shd_ff/configs/alif__id028__tau3__vth0p7__lr0p001__a6__ig0p8__ls1__wd0p0001__h500__L2.json,/home/yhxu/spikingjelly/spikingjelly/spikingjelly/SNNFF/FF/SHD/result/fintune/shd_ff/runs/alif__id028__tau3__vth0p7__lr0p001__a6__ig0p8__ls1__wd0p0001__h500__L2,DONE
alif__id029__tau1p5__vth1__lr0p0003__a4__ig1p2__ls0p8__wd1em05__h384__L1,alif,/home/yhxu/spikingjelly/spikingjelly/spikingjelly/SNNFF/FF/SHD/result/fintune/shd_ff/configs/alif__id029__tau1p5__vth1__lr0p0003__a4__ig1p2__ls0p8__wd1em05__h384__L1.json,/home/yhxu/spikingjelly/spikingjelly/spikingjelly/SNNFF/FF/SHD/result/fintune/shd_ff/runs/alif__id029__tau1p5__vth1__lr0p0003__a4__ig1p2__ls0p8__wd1em05__h384__L1,DONE
alif__id030__tau1p5__vth0p7__lr0p001__a6__ig0p8__ls1p5__wd0__h256__L1,alif,/home/yhxu/spikingjelly/spikingjelly/spikingjelly/SNNFF/FF/SHD/result/fintune/shd_ff/configs/alif__id030__tau1p5__vth0p7__lr0p001__a6__ig0p8__ls1p5__wd0__h256__L1.json,/home/yhxu/spikingjelly/spikingjelly/spikingjelly/SNNFF/FF/SHD/result/fintune/shd_ff/runs/alif__id030__tau1p5__vth0p7__lr0p001__a6__ig0p8__ls1p5__wd0__h256__L1,DONE
alif__id031__tau3__vth1__lr0p0008__a8__ig1p5__ls0p8__wd0p0001__h384__L2,alif,/home/yhxu/spikingjelly/spikingjelly/spikingjelly/SNNFF/FF/SHD/result/fintune/shd_ff/configs/alif__id031__tau3__vth1__lr0p0008__a8__ig1p5__ls0p8__wd0p0001__h384__L2.json,/home/yhxu/spikingjelly/spikingjelly/spikingjelly/SNNFF/FF/SHD/result/fintune/shd_ff/runs/alif__id031__tau3__vth1__lr0p0008__a8__ig1p5__ls0p8__wd0p0001__h384__L2,DONE
alif__id032__tau1p5__vth0p3__lr0p002__a8__ig1p2__ls1p5__wd1em05__h500__L2,alif,/home/yhxu/spikingjelly/spikingjelly/spikingjelly/SNNFF/FF/SHD/result/fintune/shd_ff/configs/alif__id032__tau1p5__vth0p3__lr0p002__a8__ig1p2__ls1p5__wd1em05__h500__L2.json,/home/yhxu/spikingjelly/spikingjelly/spikingjelly/SNNFF/FF/SHD/result/fintune/shd_ff/runs/alif__id032__tau1p5__vth0p3__lr0p002__a8__ig1p2__ls1p5__wd1em05__h500__L2,DONE
alif__id033__tau1p5__vth0p7__lr0p001__a6__ig0p8__ls1p2__wd0p0001__h384__L2,alif,/home/yhxu/spikingjelly/spikingjelly/spikingjelly/SNNFF/FF/SHD/result/fintune/shd_ff/configs/alif__id033__tau1p5__vth0p7__lr0p001__a6__ig0p8__ls1p2__wd0p0001__h384__L2.json,/home/yhxu/spikingjelly/spikingjelly/spikingjelly/SNNFF/FF/SHD/result/fintune/shd_ff/runs/alif__id033__tau1p5__vth0p7__lr0p001__a6__ig0p8__ls1p2__wd0p0001__h384__L2,DONE
alif__id034__tau1p5__vth0p3__lr0p0008__a4__ig0p8__ls0p8__wd0p0001__h500__L2,alif,/home/yhxu/spikingjelly/spikingjelly/spikingjelly/SNNFF/FF/SHD/result/fintune/shd_ff/configs/alif__id034__tau1p5__vth0p3__lr0p0008__a4__ig0p8__ls0p8__wd0p0001__h500__L2.json,/home/yhxu/spikingjelly/spikingjelly/spikingjelly/SNNFF/FF/SHD/result/fintune/shd_ff/runs/alif__id034__tau1p5__vth0p3__lr0p0008__a4__ig0p8__ls0p8__wd0p0001__h500__L2,DONE
alif__id035__tau3__vth0p3__lr0p001__a6__ig1p2__ls1__wd0p0001__h256__L1,alif,/home/yhxu/spikingjelly/spikingjelly/spikingjelly/SNNFF/FF/SHD/result/fintune/shd_ff/configs/alif__id035__tau3__vth0p3__lr0p001__a6__ig1p2__ls1__wd0p0001__h256__L1.json,/home/yhxu/spikingjelly/spikingjelly/spikingjelly/SNNFF/FF/SHD/result/fintune/shd_ff/runs/alif__id035__tau3__vth0p3__lr0p001__a6__ig1p2__ls1__wd0p0001__h256__L1,DONE
alif__id036__tau1p5__vth0p5__lr0p002__a4__ig1p5__ls1__wd0__h384__L2,alif,/home/yhxu/spikingjelly/spikingjelly/spikingjelly/SNNFF/FF/SHD/result/fintune/shd_ff/configs/alif__id036__tau1p5__vth0p5__lr0p002__a4__ig1p5__ls1__wd0__h384__L2.json,/home/yhxu/spikingjelly/spikingjelly/spikingjelly/SNNFF/FF/SHD/result/fintune/shd_ff/runs/alif__id036__tau1p5__vth0p5__lr0p002__a4__ig1p5__ls1__wd0__h384__L2,DONE
alif__id037__tau4__vth0p3__lr0p001__a4__ig1__ls1p2__wd0__h500__L2,alif,/home/yhxu/spikingjelly/spikingjelly/spikingjelly/SNNFF/FF/SHD/result/fintune/shd_ff/configs/alif__id037__tau4__vth0p3__lr0p001__a4__ig1__ls1p2__wd0__h500__L2.json,/home/yhxu/spikingjelly/spikingjelly/spikingjelly/SNNFF/FF/SHD/result/fintune/shd_ff/runs/alif__id037__tau4__vth0p3__lr0p001__a4__ig1__ls1p2__wd0__h500__L2,DONE
alif__id038__tau3__vth0p5__lr0p001__a8__ig0p8__ls0p8__wd0__h384__L2,alif,/home/yhxu/spikingjelly/spikingjelly/spikingjelly/SNNFF/FF/SHD/result/fintune/shd_ff/configs/alif__id038__tau3__vth0p5__lr0p001__a8__ig0p8__ls0p8__wd0__h384__L2.json,/home/yhxu/spikingjelly/spikingjelly/spikingjelly/SNNFF/FF/SHD/result/fintune/shd_ff/runs/alif__id038__tau3__vth0p5__lr0p001__a8__ig0p8__ls0p8__wd0__h384__L2,DONE
alif__id039__tau2__vth0p5__lr0p0003__a6__ig0p8__ls0p8__wd0p0001__h384__L2,alif,/home/yhxu/spikingjelly/spikingjelly/spikingjelly/SNNFF/FF/SHD/result/fintune/shd_ff/configs/alif__id039__tau2__vth0p5__lr0p0003__a6__ig0p8__ls0p8__wd0p0001__h384__L2.json,/home/yhxu/spikingjelly/spikingjelly/spikingjelly/SNNFF/FF/SHD/result/fintune/shd_ff/runs/alif__id039__tau2__vth0p5__lr0p0003__a6__ig0p8__ls0p8__wd0p0001__h384__L2,DONE
alif__id040__tau3__vth0p5__lr0p002__a8__ig1p2__ls1p2__wd0p0001__h500__L1,alif,/home/yhxu/spikingjelly/spikingjelly/spikingjelly/SNNFF/FF/SHD/result/fintune/shd_ff/configs/alif__id040__tau3__vth0p5__lr0p002__a8__ig1p2__ls1p2__wd0p0001__h500__L1.json,/home/yhxu/spikingjelly/spikingjelly/spikingjelly/SNNFF/FF/SHD/result/fintune/shd_ff/runs/alif__id040__tau3__vth0p5__lr0p002__a8__ig1p2__ls1p2__wd0p0001__h500__L1,DONE
alif__id041__tau2__vth1__lr0p001__a8__ig1p5__ls1p2__wd1em05__h256__L2,alif,/home/yhxu/spikingjelly/spikingjelly/spikingjelly/SNNFF/FF/SHD/result/fintune/shd_ff/configs/alif__id041__tau2__vth1__lr0p001__a8__ig1p5__ls1p2__wd1em05__h256__L2.json,/home/yhxu/spikingjelly/spikingjelly/spikingjelly/SNNFF/FF/SHD/result/fintune/shd_ff/runs/alif__id041__tau2__vth1__lr0p001__a8__ig1p5__ls1p2__wd1em05__h256__L2,DONE
alif__id042__tau1p5__vth0p7__lr0p0008__a8__ig0p8__ls1p5__wd1em05__h256__L2,alif,/home/yhxu/spikingjelly/spikingjelly/spikingjelly/SNNFF/FF/SHD/result/fintune/shd_ff/configs/alif__id042__tau1p5__vth0p7__lr0p0008__a8__ig0p8__ls1p5__wd1em05__h256__L2.json,/home/yhxu/spikingjelly/spikingjelly/spikingjelly/SNNFF/FF/SHD/result/fintune/shd_ff/runs/alif__id042__tau1p5__vth0p7__lr0p0008__a8__ig0p8__ls1p5__wd1em05__h256__L2,DONE
alif__id043__tau1p5__vth0p7__lr0p0003__a4__ig1p2__ls0p8__wd1em05__h500__L1,alif,/home/yhxu/spikingjelly/spikingjelly/spikingjelly/SNNFF/FF/SHD/result/fintune/shd_ff/configs/alif__id043__tau1p5__vth0p7__lr0p0003__a4__ig1p2__ls0p8__wd1em05__h500__L1.json,/home/yhxu/spikingjelly/spikingjelly/spikingjelly/SNNFF/FF/SHD/result/fintune/shd_ff/runs/alif__id043__tau1p5__vth0p7__lr0p0003__a4__ig1p2__ls0p8__wd1em05__h500__L1,DONE
alif__id044__tau1p5__vth1__lr0p001__a6__ig0p8__ls1__wd0p0001__h500__L1,alif,/home/yhxu/spikingjelly/spikingjelly/spikingjelly/SNNFF/FF/SHD/result/fintune/shd_ff/configs/alif__id044__tau1p5__vth1__lr0p001__a6__ig0p8__ls1__wd0p0001__h500__L1.json,/home/yhxu/spikingjelly/spikingjelly/spikingjelly/SNNFF/FF/SHD/result/fintune/shd_ff/runs/alif__id044__tau1p5__vth1__lr0p001__a6__ig0p8__ls1__wd0p0001__h500__L1,DONE
alif__id045__tau2__vth0p7__lr0p002__a4__ig1p2__ls1__wd1em05__h256__L1,alif,/home/yhxu/spikingjelly/spikingjelly/spikingjelly/SNNFF/FF/SHD/result/fintune/shd_ff/configs/alif__id045__tau2__vth0p7__lr0p002__a4__ig1p2__ls1__wd1em05__h256__L1.json,/home/yhxu/spikingjelly/spikingjelly/spikingjelly/SNNFF/FF/SHD/result/fintune/shd_ff/runs/alif__id045__tau2__vth0p7__lr0p002__a4__ig1p2__ls1__wd1em05__h256__L1,DONE
alif__id046__tau4__vth1__lr0p001__a4__ig1__ls0p8__wd1em05__h384__L2,alif,/home/yhxu/spikingjelly/spikingjelly/spikingjelly/SNNFF/FF/SHD/result/fintune/shd_ff/configs/alif__id046__tau4__vth1__lr0p001__a4__ig1__ls0p8__wd1em05__h384__L2.json,/home/yhxu/spikingjelly/spikingjelly/spikingjelly/SNNFF/FF/SHD/result/fintune/shd_ff/runs/alif__id046__tau4__vth1__lr0p001__a4__ig1__ls0p8__wd1em05__h384__L2,DONE
alif__id047__tau2__vth0p5__lr0p0008__a6__ig0p8__ls1__wd0p0001__h384__L2,alif,/home/yhxu/spikingjelly/spikingjelly/spikingjelly/SNNFF/FF/SHD/result/fintune/shd_ff/configs/alif__id047__tau2__vth0p5__lr0p0008__a6__ig0p8__ls1__wd0p0001__h384__L2.json,/home/yhxu/spikingjelly/spikingjelly/spikingjelly/SNNFF/FF/SHD/result/fintune/shd_ff/runs/alif__id047__tau2__vth0p5__lr0p0008__a6__ig0p8__ls1__wd0p0001__h384__L2,DONE
srm__id048__tr2__trefr8__vth0p7__lr0p0003__a6__ig0p8__ls1__wd1em05__h256__L1,srm,/home/yhxu/spikingjelly/spikingjelly/spikingjelly/SNNFF/FF/SHD/result/fintune/shd_ff/configs/srm__id048__tr2__trefr8__vth0p7__lr0p0003__a6__ig0p8__ls1__wd1em05__h256__L1.json,/home/yhxu/spikingjelly/spikingjelly/spikingjelly/SNNFF/FF/SHD/result/fintune/shd_ff/runs/srm__id048__tr2__trefr8__vth0p7__lr0p0003__a6__ig0p8__ls1__wd1em05__h256__L1,DONE
srm__id049__tr3__trefr6__vth0p3__lr0p001__a6__ig0p8__ls1p2__wd1em05__h256__L1,srm,/home/yhxu/spikingjelly/spikingjelly/spikingjelly/SNNFF/FF/SHD/result/fintune/shd_ff/configs/srm__id049__tr3__trefr6__vth0p3__lr0p001__a6__ig0p8__ls1p2__wd1em05__h256__L1.json,/home/yhxu/spikingjelly/spikingjelly/spikingjelly/SNNFF/FF/SHD/result/fintune/shd_ff/runs/srm__id049__tr3__trefr6__vth0p3__lr0p001__a6__ig0p8__ls1p2__wd1em05__h256__L1,DONE
srm__id050__tr3__trefr6__vth0p7__lr0p002__a8__ig1__ls1p5__wd0__h384__L2,srm,/home/yhxu/spikingjelly/spikingjelly/spikingjelly/SNNFF/FF/SHD/result/fintune/shd_ff/configs/srm__id050__tr3__trefr6__vth0p7__lr0p002__a8__ig1__ls1p5__wd0__h384__L2.json,/home/yhxu/spikingjelly/spikingjelly/spikingjelly/SNNFF/FF/SHD/result/fintune/shd_ff/runs/srm__id050__tr3__trefr6__vth0p7__lr0p002__a8__ig1__ls1p5__wd0__h384__L2,DONE
srm__id051__tr4__trefr10__vth0p5__lr0p002__a4__ig1p2__ls1p2__wd1em05__h256__L1,srm,/home/yhxu/spikingjelly/spikingjelly/spikingjelly/SNNFF/FF/SHD/result/fintune/shd_ff/configs/srm__id051__tr4__trefr10__vth0p5__lr0p002__a4__ig1p2__ls1p2__wd1em05__h256__L1.json,/home/yhxu/spikingjelly/spikingjelly/spikingjelly/SNNFF/FF/SHD/result/fintune/shd_ff/runs/srm__id051__tr4__trefr10__vth0p5__lr0p002__a4__ig1p2__ls1p2__wd1em05__h256__L1,DONE
srm__id052__tr3__trefr10__vth0p5__lr0p002__a6__ig1__ls1__wd1em05__h384__L2,srm,/home/yhxu/spikingjelly/spikingjelly/spikingjelly/SNNFF/FF/SHD/result/fintune/shd_ff/configs/srm__id052__tr3__trefr10__vth0p5__lr0p002__a6__ig1__ls1__wd1em05__h384__L2.json,/home/yhxu/spikingjelly/spikingjelly/spikingjelly/SNNFF/FF/SHD/result/fintune/shd_ff/runs/srm__id052__tr3__trefr10__vth0p5__lr0p002__a6__ig1__ls1__wd1em05__h384__L2,DONE
srm__id053__tr3__trefr6__vth0p5__lr0p0008__a6__ig1p5__ls1p2__wd0__h384__L2,srm,/home/yhxu/spikingjelly/spikingjelly/spikingjelly/SNNFF/FF/SHD/result/fintune/shd_ff/configs/srm__id053__tr3__trefr6__vth0p5__lr0p0008__a6__ig1p5__ls1p2__wd0__h384__L2.json,/home/yhxu/spikingjelly/spikingjelly/spikingjelly/SNNFF/FF/SHD/result/fintune/shd_ff/runs/srm__id053__tr3__trefr6__vth0p5__lr0p0008__a6__ig1p5__ls1p2__wd0__h384__L2,DONE
srm__id054__tr2__trefr6__vth0p7__lr0p002__a4__ig1__ls1p2__wd1em05__h384__L2,srm,/home/yhxu/spikingjelly/spikingjelly/spikingjelly/SNNFF/FF/SHD/result/fintune/shd_ff/configs/srm__id054__tr2__trefr6__vth0p7__lr0p002__a4__ig1__ls1p2__wd1em05__h384__L2.json,/home/yhxu/spikingjelly/spikingjelly/spikingjelly/SNNFF/FF/SHD/result/fintune/shd_ff/runs/srm__id054__tr2__trefr6__vth0p7__lr0p002__a4__ig1__ls1p2__wd1em05__h384__L2,DONE
srm__id055__tr4__trefr10__vth1__lr0p002__a4__ig1p5__ls1p2__wd0p0001__h384__L2,srm,/home/yhxu/spikingjelly/spikingjelly/spikingjelly/SNNFF/FF/SHD/result/fintune/shd_ff/configs/srm__id055__tr4__trefr10__vth1__lr0p002__a4__ig1p5__ls1p2__wd0p0001__h384__L2.json,/home/yhxu/spikingjelly/spikingjelly/spikingjelly/SNNFF/FF/SHD/result/fintune/shd_ff/runs/srm__id055__tr4__trefr10__vth1__lr0p002__a4__ig1p5__ls1p2__wd0p0001__h384__L2,DONE
srm__id056__tr2__trefr6__vth0p7__lr0p0008__a4__ig1p2__ls1p5__wd1em05__h256__L2,srm,/home/yhxu/spikingjelly/spikingjelly/spikingjelly/SNNFF/FF/SHD/result/fintune/shd_ff/configs/srm__id056__tr2__trefr6__vth0p7__lr0p0008__a4__ig1p2__ls1p5__wd1em05__h256__L2.json,/home/yhxu/spikingjelly/spikingjelly/spikingjelly/SNNFF/FF/SHD/result/fintune/shd_ff/runs/srm__id056__tr2__trefr6__vth0p7__lr0p0008__a4__ig1p2__ls1p5__wd1em05__h256__L2,DONE
srm__id057__tr1p5__trefr6__vth1__lr0p0008__a6__ig1p5__ls1p2__wd1em05__h384__L2,srm,/home/yhxu/spikingjelly/spikingjelly/spikingjelly/SNNFF/FF/SHD/result/fintune/shd_ff/configs/srm__id057__tr1p5__trefr6__vth1__lr0p0008__a6__ig1p5__ls1p2__wd1em05__h384__L2.json,/home/yhxu/spikingjelly/spikingjelly/spikingjelly/SNNFF/FF/SHD/result/fintune/shd_ff/runs/srm__id057__tr1p5__trefr6__vth1__lr0p0008__a6__ig1p5__ls1p2__wd1em05__h384__L2,DONE
srm__id058__tr3__trefr6__vth0p5__lr0p001__a6__ig0p8__ls1p2__wd1em05__h256__L1,srm,/home/yhxu/spikingjelly/spikingjelly/spikingjelly/SNNFF/FF/SHD/result/fintune/shd_ff/configs/srm__id058__tr3__trefr6__vth0p5__lr0p001__a6__ig0p8__ls1p2__wd1em05__h256__L1.json,/home/yhxu/spikingjelly/spikingjelly/spikingjelly/SNNFF/FF/SHD/result/fintune/shd_ff/runs/srm__id058__tr3__trefr6__vth0p5__lr0p001__a6__ig0p8__ls1p2__wd1em05__h256__L1,DONE
srm__id059__tr2__trefr8__vth0p7__lr0p0003__a4__ig1__ls1p5__wd0__h500__L1,srm,/home/yhxu/spikingjelly/spikingjelly/spikingjelly/SNNFF/FF/SHD/result/fintune/shd_ff/configs/srm__id059__tr2__trefr8__vth0p7__lr0p0003__a4__ig1__ls1p5__wd0__h500__L1.json,/home/yhxu/spikingjelly/spikingjelly/spikingjelly/SNNFF/FF/SHD/result/fintune/shd_ff/runs/srm__id059__tr2__trefr8__vth0p7__lr0p0003__a4__ig1__ls1p5__wd0__h500__L1,DONE
srm__id060__tr3__trefr12__vth0p5__lr0p0003__a4__ig1p5__ls0p8__wd0p0001__h500__L2,srm,/home/yhxu/spikingjelly/spikingjelly/spikingjelly/SNNFF/FF/SHD/result/fintune/shd_ff/configs/srm__id060__tr3__trefr12__vth0p5__lr0p0003__a4__ig1p5__ls0p8__wd0p0001__h500__L2.json,/home/yhxu/spikingjelly/spikingjelly/spikingjelly/SNNFF/FF/SHD/result/fintune/shd_ff/runs/srm__id060__tr3__trefr12__vth0p5__lr0p0003__a4__ig1p5__ls0p8__wd0p0001__h500__L2,DONE
srm__id061__tr4__trefr10__vth0p7__lr0p0008__a6__ig1p2__ls1p2__wd1em05__h256__L1,srm,/home/yhxu/spikingjelly/spikingjelly/spikingjelly/SNNFF/FF/SHD/result/fintune/shd_ff/configs/srm__id061__tr4__trefr10__vth0p7__lr0p0008__a6__ig1p2__ls1p2__wd1em05__h256__L1.json,/home/yhxu/spikingjelly/spikingjelly/spikingjelly/SNNFF/FF/SHD/result/fintune/shd_ff/runs/srm__id061__tr4__trefr10__vth0p7__lr0p0008__a6__ig1p2__ls1p2__wd1em05__h256__L1,DONE
srm__id062__tr3__trefr10__vth0p5__lr0p001__a4__ig1p5__ls1p5__wd0__h384__L2,srm,/home/yhxu/spikingjelly/spikingjelly/spikingjelly/SNNFF/FF/SHD/result/fintune/shd_ff/configs/srm__id062__tr3__trefr10__vth0p5__lr0p001__a4__ig1p5__ls1p5__wd0__h384__L2.json,/home/yhxu/spikingjelly/spikingjelly/spikingjelly/SNNFF/FF/SHD/result/fintune/shd_ff/runs/srm__id062__tr3__trefr10__vth0p5__lr0p001__a4__ig1p5__ls1p5__wd0__h384__L2,DONE
srm__id063__tr4__trefr6__vth0p7__lr0p001__a4__ig1p5__ls0p8__wd1em05__h384__L1,srm,/home/yhxu/spikingjelly/spikingjelly/spikingjelly/SNNFF/FF/SHD/result/fintune/shd_ff/configs/srm__id063__tr4__trefr6__vth0p7__lr0p001__a4__ig1p5__ls0p8__wd1em05__h384__L1.json,/home/yhxu/spikingjelly/spikingjelly/spikingjelly/SNNFF/FF/SHD/result/fintune/shd_ff/runs/srm__id063__tr4__trefr6__vth0p7__lr0p001__a4__ig1p5__ls0p8__wd1em05__h384__L1,DONE
srm__id064__tr3__trefr10__vth0p7__lr0p002__a6__ig0p8__ls1p2__wd0p0001__h500__L2,srm,/home/yhxu/spikingjelly/spikingjelly/spikingjelly/SNNFF/FF/SHD/result/fintune/shd_ff/configs/srm__id064__tr3__trefr10__vth0p7__lr0p002__a6__ig0p8__ls1p2__wd0p0001__h500__L2.json,/home/yhxu/spikingjelly/spikingjelly/spikingjelly/SNNFF/FF/SHD/result/fintune/shd_ff/runs/srm__id064__tr3__trefr10__vth0p7__lr0p002__a6__ig0p8__ls1p2__wd0p0001__h500__L2,DONE
srm__id065__tr1p5__trefr12__vth0p3__lr0p0008__a8__ig1p5__ls1__wd1em05__h256__L1,srm,/home/yhxu/spikingjelly/spikingjelly/spikingjelly/SNNFF/FF/SHD/result/fintune/shd_ff/configs/srm__id065__tr1p5__trefr12__vth0p3__lr0p0008__a8__ig1p5__ls1__wd1em05__h256__L1.json,/home/yhxu/spikingjelly/spikingjelly/spikingjelly/SNNFF/FF/SHD/result/fintune/shd_ff/runs/srm__id065__tr1p5__trefr12__vth0p3__lr0p0008__a8__ig1p5__ls1__wd1em05__h256__L1,DONE
srm__id066__tr2__trefr10__vth0p5__lr0p002__a6__ig1__ls1p5__wd0p0001__h256__L1,srm,/home/yhxu/spikingjelly/spikingjelly/spikingjelly/SNNFF/FF/SHD/result/fintune/shd_ff/configs/srm__id066__tr2__trefr10__vth0p5__lr0p002__a6__ig1__ls1p5__wd0p0001__h256__L1.json,/home/yhxu/spikingjelly/spikingjelly/spikingjelly/SNNFF/FF/SHD/result/fintune/shd_ff/runs/srm__id066__tr2__trefr10__vth0p5__lr0p002__a6__ig1__ls1p5__wd0p0001__h256__L1,DONE
srm__id067__tr1p5__trefr10__vth0p5__lr0p0008__a4__ig1__ls0p8__wd0__h384__L2,srm,/home/yhxu/spikingjelly/spikingjelly/spikingjelly/SNNFF/FF/SHD/result/fintune/shd_ff/configs/srm__id067__tr1p5__trefr10__vth0p5__lr0p0008__a4__ig1__ls0p8__wd0__h384__L2.json,/home/yhxu/spikingjelly/spikingjelly/spikingjelly/SNNFF/FF/SHD/result/fintune/shd_ff/runs/srm__id067__tr1p5__trefr10__vth0p5__lr0p0008__a4__ig1__ls0p8__wd0__h384__L2,DONE
srm__id068__tr2__trefr6__vth0p5__lr0p0008__a6__ig1p2__ls1__wd1em05__h384__L1,srm,/home/yhxu/spikingjelly/spikingjelly/spikingjelly/SNNFF/FF/SHD/result/fintune/shd_ff/configs/srm__id068__tr2__trefr6__vth0p5__lr0p0008__a6__ig1p2__ls1__wd1em05__h384__L1.json,/home/yhxu/spikingjelly/spikingjelly/spikingjelly/SNNFF/FF/SHD/result/fintune/shd_ff/runs/srm__id068__tr2__trefr6__vth0p5__lr0p0008__a6__ig1p2__ls1__wd1em05__h384__L1,DONE
srm__id069__tr3__trefr6__vth0p3__lr0p002__a6__ig1p5__ls1__wd0p0001__h256__L1,srm,/home/yhxu/spikingjelly/spikingjelly/spikingjelly/SNNFF/FF/SHD/result/fintune/shd_ff/configs/srm__id069__tr3__trefr6__vth0p3__lr0p002__a6__ig1p5__ls1__wd0p0001__h256__L1.json,/home/yhxu/spikingjelly/spikingjelly/spikingjelly/SNNFF/FF/SHD/result/fintune/shd_ff/runs/srm__id069__tr3__trefr6__vth0p3__lr0p002__a6__ig1p5__ls1__wd0p0001__h256__L1,DONE
srm__id070__tr1p5__trefr6__vth0p3__lr0p0008__a6__ig1__ls0p8__wd1em05__h384__L2,srm,/home/yhxu/spikingjelly/spikingjelly/spikingjelly/SNNFF/FF/SHD/result/fintune/shd_ff/configs/srm__id070__tr1p5__trefr6__vth0p3__lr0p0008__a6__ig1__ls0p8__wd1em05__h384__L2.json,/home/yhxu/spikingjelly/spikingjelly/spikingjelly/SNNFF/FF/SHD/result/fintune/shd_ff/runs/srm__id070__tr1p5__trefr6__vth0p3__lr0p0008__a6__ig1__ls0p8__wd1em05__h384__L2,DONE
srm__id071__tr4__trefr8__vth0p5__lr0p001__a4__ig1__ls1p5__wd0__h384__L2,srm,/home/yhxu/spikingjelly/spikingjelly/spikingjelly/SNNFF/FF/SHD/result/fintune/shd_ff/configs/srm__id071__tr4__trefr8__vth0p5__lr0p001__a4__ig1__ls1p5__wd0__h384__L2.json,/home/yhxu/spikingjelly/spikingjelly/spikingjelly/SNNFF/FF/SHD/result/fintune/shd_ff/runs/srm__id071__tr4__trefr8__vth0p5__lr0p001__a4__ig1__ls1p5__wd0__h384__L2,DONE
srm__id072__tr4__trefr12__vth0p5__lr0p0008__a6__ig1p5__ls1__wd0p0001__h256__L1,srm,/home/yhxu/spikingjelly/spikingjelly/spikingjelly/SNNFF/FF/SHD/result/fintune/shd_ff/configs/srm__id072__tr4__trefr12__vth0p5__lr0p0008__a6__ig1p5__ls1__wd0p0001__h256__L1.json,/home/yhxu/spikingjelly/spikingjelly/spikingjelly/SNNFF/FF/SHD/result/fintune/shd_ff/runs/srm__id072__tr4__trefr12__vth0p5__lr0p0008__a6__ig1p5__ls1__wd0p0001__h256__L1,DONE
srm__id073__tr2__trefr6__vth1__lr0p0008__a4__ig1p5__ls1__wd1em05__h384__L2,srm,/home/yhxu/spikingjelly/spikingjelly/spikingjelly/SNNFF/FF/SHD/result/fintune/shd_ff/configs/srm__id073__tr2__trefr6__vth1__lr0p0008__a4__ig1p5__ls1__wd1em05__h384__L2.json,/home/yhxu/spikingjelly/spikingjelly/spikingjelly/SNNFF/FF/SHD/result/fintune/shd_ff/runs/srm__id073__tr2__trefr6__vth1__lr0p0008__a4__ig1p5__ls1__wd1em05__h384__L2,DONE
srm__id074__tr2__trefr12__vth0p5__lr0p0008__a8__ig1__ls1p5__wd0__h256__L2,srm,/home/yhxu/spikingjelly/spikingjelly/spikingjelly/SNNFF/FF/SHD/result/fintune/shd_ff/configs/srm__id074__tr2__trefr12__vth0p5__lr0p0008__a8__ig1__ls1p5__wd0__h256__L2.json,/home/yhxu/spikingjelly/spikingjelly/spikingjelly/SNNFF/FF/SHD/result/fintune/shd_ff/runs/srm__id074__tr2__trefr12__vth0p5__lr0p0008__a8__ig1__ls1p5__wd0__h256__L2,DONE
srm__id075__tr4__trefr10__vth1__lr0p001__a4__ig1p2__ls1p5__wd1em05__h256__L1,srm,/home/yhxu/spikingjelly/spikingjelly/spikingjelly/SNNFF/FF/SHD/result/fintune/shd_ff/configs/srm__id075__tr4__trefr10__vth1__lr0p001__a4__ig1p2__ls1p5__wd1em05__h256__L1.json,/home/yhxu/spikingjelly/spikingjelly/spikingjelly/SNNFF/FF/SHD/result/fintune/shd_ff/runs/srm__id075__tr4__trefr10__vth1__lr0p001__a4__ig1p2__ls1p5__wd1em05__h256__L1,DONE
srm__id076__tr4__trefr6__vth0p5__lr0p0008__a6__ig1__ls1p5__wd0__h384__L2,srm,/home/yhxu/spikingjelly/spikingjelly/spikingjelly/SNNFF/FF/SHD/result/fintune/shd_ff/configs/srm__id076__tr4__trefr6__vth0p5__lr0p0008__a6__ig1__ls1p5__wd0__h384__L2.json,/home/yhxu/spikingjelly/spikingjelly/spikingjelly/SNNFF/FF/SHD/result/fintune/shd_ff/runs/srm__id076__tr4__trefr6__vth0p5__lr0p0008__a6__ig1__ls1p5__wd0__h384__L2,DONE
srm__id077__tr1p5__trefr10__vth1__lr0p001__a6__ig0p8__ls1p2__wd0p0001__h500__L2,srm,/home/yhxu/spikingjelly/spikingjelly/spikingjelly/SNNFF/FF/SHD/result/fintune/shd_ff/configs/srm__id077__tr1p5__trefr10__vth1__lr0p001__a6__ig0p8__ls1p2__wd0p0001__h500__L2.json,/home/yhxu/spikingjelly/spikingjelly/spikingjelly/SNNFF/FF/SHD/result/fintune/shd_ff/runs/srm__id077__tr1p5__trefr10__vth1__lr0p001__a6__ig0p8__ls1p2__wd0p0001__h500__L2,DONE
srm__id078__tr1p5__trefr12__vth0p3__lr0p0003__a8__ig0p8__ls1p5__wd0p0001__h384__L1,srm,/home/yhxu/spikingjelly/spikingjelly/spikingjelly/SNNFF/FF/SHD/result/fintune/shd_ff/configs/srm__id078__tr1p5__trefr12__vth0p3__lr0p0003__a8__ig0p8__ls1p5__wd0p0001__h384__L1.json,/home/yhxu/spikingjelly/spikingjelly/spikingjelly/SNNFF/FF/SHD/result/fintune/shd_ff/runs/srm__id078__tr1p5__trefr12__vth0p3__lr0p0003__a8__ig0p8__ls1p5__wd0p0001__h384__L1,DONE
srm__id079__tr1p5__trefr6__vth0p5__lr0p002__a6__ig0p8__ls1__wd0p0001__h500__L2,srm,/home/yhxu/spikingjelly/spikingjelly/spikingjelly/SNNFF/FF/SHD/result/fintune/shd_ff/configs/srm__id079__tr1p5__trefr6__vth0p5__lr0p002__a6__ig0p8__ls1__wd0p0001__h500__L2.json,/home/yhxu/spikingjelly/spikingjelly/spikingjelly/SNNFF/FF/SHD/result/fintune/shd_ff/runs/srm__id079__tr1p5__trefr6__vth0p5__lr0p002__a6__ig0p8__ls1__wd0p0001__h500__L2,DONE
dynsrm__id080__tr1p5__trefr10__vth0p3__lr0p0008__a4__ig1p2__ls0p8__wd0p0001__h384__L1,dynsrm,/home/yhxu/spikingjelly/spikingjelly/spikingjelly/SNNFF/FF/SHD/result/fintune/shd_ff/configs/dynsrm__id080__tr1p5__trefr10__vth0p3__lr0p0008__a4__ig1p2__ls0p8__wd0p0001__h384__L1.json,/home/yhxu/spikingjelly/spikingjelly/spikingjelly/SNNFF/FF/SHD/result/fintune/shd_ff/runs/dynsrm__id080__tr1p5__trefr10__vth0p3__lr0p0008__a4__ig1p2__ls0p8__wd0p0001__h384__L1,DONE
dynsrm__id081__tr2__trefr12__vth0p7__lr0p001__a8__ig1__ls1p5__wd1em05__h500__L1,dynsrm,/home/yhxu/spikingjelly/spikingjelly/spikingjelly/SNNFF/FF/SHD/result/fintune/shd_ff/configs/dynsrm__id081__tr2__trefr12__vth0p7__lr0p001__a8__ig1__ls1p5__wd1em05__h500__L1.json,/home/yhxu/spikingjelly/spikingjelly/spikingjelly/SNNFF/FF/SHD/result/fintune/shd_ff/runs/dynsrm__id081__tr2__trefr12__vth0p7__lr0p001__a8__ig1__ls1p5__wd1em05__h500__L1,DONE
dynsrm__id082__tr4__trefr8__vth0p5__lr0p002__a8__ig1p5__ls1__wd0__h256__L2,dynsrm,/home/yhxu/spikingjelly/spikingjelly/spikingjelly/SNNFF/FF/SHD/result/fintune/shd_ff/configs/dynsrm__id082__tr4__trefr8__vth0p5__lr0p002__a8__ig1p5__ls1__wd0__h256__L2.json,/home/yhxu/spikingjelly/spikingjelly/spikingjelly/SNNFF/FF/SHD/result/fintune/shd_ff/runs/dynsrm__id082__tr4__trefr8__vth0p5__lr0p002__a8__ig1p5__ls1__wd0__h256__L2,DONE
dynsrm__id083__tr1p5__trefr12__vth1__lr0p002__a4__ig0p8__ls1p5__wd1em05__h256__L2,dynsrm,/home/yhxu/spikingjelly/spikingjelly/spikingjelly/SNNFF/FF/SHD/result/fintune/shd_ff/configs/dynsrm__id083__tr1p5__trefr12__vth1__lr0p002__a4__ig0p8__ls1p5__wd1em05__h256__L2.json,/home/yhxu/spikingjelly/spikingjelly/spikingjelly/SNNFF/FF/SHD/result/fintune/shd_ff/runs/dynsrm__id083__tr1p5__trefr12__vth1__lr0p002__a4__ig0p8__ls1p5__wd1em05__h256__L2,DONE
dynsrm__id084__tr3__trefr8__vth0p7__lr0p0008__a6__ig1p2__ls0p8__wd0p0001__h256__L2,dynsrm,/home/yhxu/spikingjelly/spikingjelly/spikingjelly/SNNFF/FF/SHD/result/fintune/shd_ff/configs/dynsrm__id084__tr3__trefr8__vth0p7__lr0p0008__a6__ig1p2__ls0p8__wd0p0001__h256__L2.json,/home/yhxu/spikingjelly/spikingjelly/spikingjelly/SNNFF/FF/SHD/result/fintune/shd_ff/runs/dynsrm__id084__tr3__trefr8__vth0p7__lr0p0008__a6__ig1p2__ls0p8__wd0p0001__h256__L2,DONE
dynsrm__id085__tr1p5__trefr6__vth0p5__lr0p001__a6__ig0p8__ls1p5__wd0__h500__L1,dynsrm,/home/yhxu/spikingjelly/spikingjelly/spikingjelly/SNNFF/FF/SHD/result/fintune/shd_ff/configs/dynsrm__id085__tr1p5__trefr6__vth0p5__lr0p001__a6__ig0p8__ls1p5__wd0__h500__L1.json,/home/yhxu/spikingjelly/spikingjelly/spikingjelly/SNNFF/FF/SHD/result/fintune/shd_ff/runs/dynsrm__id085__tr1p5__trefr6__vth0p5__lr0p001__a6__ig0p8__ls1p5__wd0__h500__L1,DONE
dynsrm__id086__tr3__trefr10__vth0p3__lr0p0003__a6__ig1__ls1__wd0__h384__L2,dynsrm,/home/yhxu/spikingjelly/spikingjelly/spikingjelly/SNNFF/FF/SHD/result/fintune/shd_ff/configs/dynsrm__id086__tr3__trefr10__vth0p3__lr0p0003__a6__ig1__ls1__wd0__h384__L2.json,/home/yhxu/spikingjelly/spikingjelly/spikingjelly/SNNFF/FF/SHD/result/fintune/shd_ff/runs/dynsrm__id086__tr3__trefr10__vth0p3__lr0p0003__a6__ig1__ls1__wd0__h384__L2,DONE
dynsrm__id087__tr3__trefr12__vth0p3__lr0p0008__a6__ig1__ls0p8__wd0__h256__L2,dynsrm,/home/yhxu/spikingjelly/spikingjelly/spikingjelly/SNNFF/FF/SHD/result/fintune/shd_ff/configs/dynsrm__id087__tr3__trefr12__vth0p3__lr0p0008__a6__ig1__ls0p8__wd0__h256__L2.json,/home/yhxu/spikingjelly/spikingjelly/spikingjelly/SNNFF/FF/SHD/result/fintune/shd_ff/runs/dynsrm__id087__tr3__trefr12__vth0p3__lr0p0008__a6__ig1__ls0p8__wd0__h256__L2,DONE
dynsrm__id088__tr2__trefr6__vth0p3__lr0p0008__a6__ig1p5__ls0p8__wd0p0001__h500__L1,dynsrm,/home/yhxu/spikingjelly/spikingjelly/spikingjelly/SNNFF/FF/SHD/result/fintune/shd_ff/configs/dynsrm__id088__tr2__trefr6__vth0p3__lr0p0008__a6__ig1p5__ls0p8__wd0p0001__h500__L1.json,/home/yhxu/spikingjelly/spikingjelly/spikingjelly/SNNFF/FF/SHD/result/fintune/shd_ff/runs/dynsrm__id088__tr2__trefr6__vth0p3__lr0p0008__a6__ig1p5__ls0p8__wd0p0001__h500__L1,DONE
dynsrm__id089__tr2__trefr8__vth1__lr0p0003__a6__ig0p8__ls0p8__wd1em05__h384__L1,dynsrm,/home/yhxu/spikingjelly/spikingjelly/spikingjelly/SNNFF/FF/SHD/result/fintune/shd_ff/configs/dynsrm__id089__tr2__trefr8__vth1__lr0p0003__a6__ig0p8__ls0p8__wd1em05__h384__L1.json,/home/yhxu/spikingjelly/spikingjelly/spikingjelly/SNNFF/FF/SHD/result/fintune/shd_ff/runs/dynsrm__id089__tr2__trefr8__vth1__lr0p0003__a6__ig0p8__ls0p8__wd1em05__h384__L1,DONE
dynsrm__id090__tr1p5__trefr6__vth1__lr0p001__a4__ig1p5__ls1__wd0__h384__L1,dynsrm,/home/yhxu/spikingjelly/spikingjelly/spikingjelly/SNNFF/FF/SHD/result/fintune/shd_ff/configs/dynsrm__id090__tr1p5__trefr6__vth1__lr0p001__a4__ig1p5__ls1__wd0__h384__L1.json,/home/yhxu/spikingjelly/spikingjelly/spikingjelly/SNNFF/FF/SHD/result/fintune/shd_ff/runs/dynsrm__id090__tr1p5__trefr6__vth1__lr0p001__a4__ig1p5__ls1__wd0__h384__L1,DONE
dynsrm__id091__tr2__trefr10__vth0p5__lr0p0003__a4__ig1__ls1__wd1em05__h384__L2,dynsrm,/home/yhxu/spikingjelly/spikingjelly/spikingjelly/SNNFF/FF/SHD/result/fintune/shd_ff/configs/dynsrm__id091__tr2__trefr10__vth0p5__lr0p0003__a4__ig1__ls1__wd1em05__h384__L2.json,/home/yhxu/spikingjelly/spikingjelly/spikingjelly/SNNFF/FF/SHD/result/fintune/shd_ff/runs/dynsrm__id091__tr2__trefr10__vth0p5__lr0p0003__a4__ig1__ls1__wd1em05__h384__L2,DONE
dynsrm__id092__tr2__trefr8__vth0p3__lr0p0008__a6__ig0p8__ls0p8__wd1em05__h384__L2,dynsrm,/home/yhxu/spikingjelly/spikingjelly/spikingjelly/SNNFF/FF/SHD/result/fintune/shd_ff/configs/dynsrm__id092__tr2__trefr8__vth0p3__lr0p0008__a6__ig0p8__ls0p8__wd1em05__h384__L2.json,/home/yhxu/spikingjelly/spikingjelly/spikingjelly/SNNFF/FF/SHD/result/fintune/shd_ff/runs/dynsrm__id092__tr2__trefr8__vth0p3__lr0p0008__a6__ig0p8__ls0p8__wd1em05__h384__L2,DONE
dynsrm__id093__tr4__trefr6__vth0p3__lr0p001__a4__ig1p5__ls0p8__wd0__h384__L1,dynsrm,/home/yhxu/spikingjelly/spikingjelly/spikingjelly/SNNFF/FF/SHD/result/fintune/shd_ff/configs/dynsrm__id093__tr4__trefr6__vth0p3__lr0p001__a4__ig1p5__ls0p8__wd0__h384__L1.json,/home/yhxu/spikingjelly/spikingjelly/spikingjelly/SNNFF/FF/SHD/result/fintune/shd_ff/runs/dynsrm__id093__tr4__trefr6__vth0p3__lr0p001__a4__ig1p5__ls0p8__wd0__h384__L1,DONE
dynsrm__id094__tr3__trefr8__vth0p7__lr0p002__a4__ig1p2__ls0p8__wd0p0001__h500__L2,dynsrm,/home/yhxu/spikingjelly/spikingjelly/spikingjelly/SNNFF/FF/SHD/result/fintune/shd_ff/configs/dynsrm__id094__tr3__trefr8__vth0p7__lr0p002__a4__ig1p2__ls0p8__wd0p0001__h500__L2.json,/home/yhxu/spikingjelly/spikingjelly/spikingjelly/SNNFF/FF/SHD/result/fintune/shd_ff/runs/dynsrm__id094__tr3__trefr8__vth0p7__lr0p002__a4__ig1p2__ls0p8__wd0p0001__h500__L2,DONE
dynsrm__id095__tr1p5__trefr10__vth0p7__lr0p0008__a8__ig1__ls0p8__wd1em05__h256__L2,dynsrm,/home/yhxu/spikingjelly/spikingjelly/spikingjelly/SNNFF/FF/SHD/result/fintune/shd_ff/configs/dynsrm__id095__tr1p5__trefr10__vth0p7__lr0p0008__a8__ig1__ls0p8__wd1em05__h256__L2.json,/home/yhxu/spikingjelly/spikingjelly/spikingjelly/SNNFF/FF/SHD/result/fintune/shd_ff/runs/dynsrm__id095__tr1p5__trefr10__vth0p7__lr0p0008__a8__ig1__ls0p8__wd1em05__h256__L2,DONE
dynsrm__id096__tr2__trefr12__vth0p5__lr0p002__a8__ig0p8__ls1p5__wd0p0001__h500__L1,dynsrm,/home/yhxu/spikingjelly/spikingjelly/spikingjelly/SNNFF/FF/SHD/result/fintune/shd_ff/configs/dynsrm__id096__tr2__trefr12__vth0p5__lr0p002__a8__ig0p8__ls1p5__wd0p0001__h500__L1.json,/home/yhxu/spikingjelly/spikingjelly/spikingjelly/SNNFF/FF/SHD/result/fintune/shd_ff/runs/dynsrm__id096__tr2__trefr12__vth0p5__lr0p002__a8__ig0p8__ls1p5__wd0p0001__h500__L1,DONE
dynsrm__id097__tr1p5__trefr12__vth0p5__lr0p0008__a6__ig1p2__ls1p2__wd0__h256__L1,dynsrm,/home/yhxu/spikingjelly/spikingjelly/spikingjelly/SNNFF/FF/SHD/result/fintune/shd_ff/configs/dynsrm__id097__tr1p5__trefr12__vth0p5__lr0p0008__a6__ig1p2__ls1p2__wd0__h256__L1.json,/home/yhxu/spikingjelly/spikingjelly/spikingjelly/SNNFF/FF/SHD/result/fintune/shd_ff/runs/dynsrm__id097__tr1p5__trefr12__vth0p5__lr0p0008__a6__ig1p2__ls1p2__wd0__h256__L1,DONE
dynsrm__id098__tr1p5__trefr8__vth1__lr0p0008__a8__ig0p8__ls0p8__wd1em05__h500__L2,dynsrm,/home/yhxu/spikingjelly/spikingjelly/spikingjelly/SNNFF/FF/SHD/result/fintune/shd_ff/configs/dynsrm__id098__tr1p5__trefr8__vth1__lr0p0008__a8__ig0p8__ls0p8__wd1em05__h500__L2.json,/home/yhxu/spikingjelly/spikingjelly/spikingjelly/SNNFF/FF/SHD/result/fintune/shd_ff/runs/dynsrm__id098__tr1p5__trefr8__vth1__lr0p0008__a8__ig0p8__ls0p8__wd1em05__h500__L2,DONE
dynsrm__id099__tr3__trefr12__vth1__lr0p0003__a6__ig1p2__ls1p2__wd1em05__h384__L2,dynsrm,/home/yhxu/spikingjelly/spikingjelly/spikingjelly/SNNFF/FF/SHD/result/fintune/shd_ff/configs/dynsrm__id099__tr3__trefr12__vth1__lr0p0003__a6__ig1p2__ls1p2__wd1em05__h384__L2.json,/home/yhxu/spikingjelly/spikingjelly/spikingjelly/SNNFF/FF/SHD/result/fintune/shd_ff/runs/dynsrm__id099__tr3__trefr12__vth1__lr0p0003__a6__ig1p2__ls1p2__wd1em05__h384__L2,DONE
dynsrm__id100__tr2__trefr8__vth0p5__lr0p002__a4__ig1p2__ls0p8__wd1em05__h500__L2,dynsrm,/home/yhxu/spikingjelly/spikingjelly/spikingjelly/SNNFF/FF/SHD/result/fintune/shd_ff/configs/dynsrm__id100__tr2__trefr8__vth0p5__lr0p002__a4__ig1p2__ls0p8__wd1em05__h500__L2.json,/home/yhxu/spikingjelly/spikingjelly/spikingjelly/SNNFF/FF/SHD/result/fintune/shd_ff/runs/dynsrm__id100__tr2__trefr8__vth0p5__lr0p002__a4__ig1p2__ls0p8__wd1em05__h500__L2,DONE
dynsrm__id101__tr4__trefr8__vth0p5__lr0p002__a4__ig1p2__ls1__wd0__h500__L2,dynsrm,/home/yhxu/spikingjelly/spikingjelly/spikingjelly/SNNFF/FF/SHD/result/fintune/shd_ff/configs/dynsrm__id101__tr4__trefr8__vth0p5__lr0p002__a4__ig1p2__ls1__wd0__h500__L2.json,/home/yhxu/spikingjelly/spikingjelly/spikingjelly/SNNFF/FF/SHD/result/fintune/shd_ff/runs/dynsrm__id101__tr4__trefr8__vth0p5__lr0p002__a4__ig1p2__ls1__wd0__h500__L2,DONE
dynsrm__id102__tr3__trefr12__vth1__lr0p002__a8__ig1p2__ls1p2__wd0__h500__L2,dynsrm,/home/yhxu/spikingjelly/spikingjelly/spikingjelly/SNNFF/FF/SHD/result/fintune/shd_ff/configs/dynsrm__id102__tr3__trefr12__vth1__lr0p002__a8__ig1p2__ls1p2__wd0__h500__L2.json,/home/yhxu/spikingjelly/spikingjelly/spikingjelly/SNNFF/FF/SHD/result/fintune/shd_ff/runs/dynsrm__id102__tr3__trefr12__vth1__lr0p002__a8__ig1p2__ls1p2__wd0__h500__L2,DONE
dynsrm__id103__tr2__trefr12__vth0p7__lr0p001__a4__ig1__ls1p5__wd0__h256__L1,dynsrm,/home/yhxu/spikingjelly/spikingjelly/spikingjelly/SNNFF/FF/SHD/result/fintune/shd_ff/configs/dynsrm__id103__tr2__trefr12__vth0p7__lr0p001__a4__ig1__ls1p5__wd0__h256__L1.json,/home/yhxu/spikingjelly/spikingjelly/spikingjelly/SNNFF/FF/SHD/result/fintune/shd_ff/runs/dynsrm__id103__tr2__trefr12__vth0p7__lr0p001__a4__ig1__ls1p5__wd0__h256__L1,DONE
dynsrm__id104__tr3__trefr12__vth0p3__lr0p0003__a8__ig1p2__ls1p2__wd0p0001__h384__L2,dynsrm,/home/yhxu/spikingjelly/spikingjelly/spikingjelly/SNNFF/FF/SHD/result/fintune/shd_ff/configs/dynsrm__id104__tr3__trefr12__vth0p3__lr0p0003__a8__ig1p2__ls1p2__wd0p0001__h384__L2.json,/home/yhxu/spikingjelly/spikingjelly/spikingjelly/SNNFF/FF/SHD/result/fintune/shd_ff/runs/dynsrm__id104__tr3__trefr12__vth0p3__lr0p0003__a8__ig1p2__ls1p2__wd0p0001__h384__L2,DONE
dynsrm__id105__tr4__trefr12__vth0p5__lr0p001__a4__ig1p5__ls1p5__wd1em05__h256__L2,dynsrm,/home/yhxu/spikingjelly/spikingjelly/spikingjelly/SNNFF/FF/SHD/result/fintune/shd_ff/configs/dynsrm__id105__tr4__trefr12__vth0p5__lr0p001__a4__ig1p5__ls1p5__wd1em05__h256__L2.json,/home/yhxu/spikingjelly/spikingjelly/spikingjelly/SNNFF/FF/SHD/result/fintune/shd_ff/runs/dynsrm__id105__tr4__trefr12__vth0p5__lr0p001__a4__ig1p5__ls1p5__wd1em05__h256__L2,DONE
dynsrm__id106__tr1p5__trefr8__vth0p7__lr0p0008__a8__ig1p5__ls0p8__wd0p0001__h500__L2,dynsrm,/home/yhxu/spikingjelly/spikingjelly/spikingjelly/SNNFF/FF/SHD/result/fintune/shd_ff/configs/dynsrm__id106__tr1p5__trefr8__vth0p7__lr0p0008__a8__ig1p5__ls0p8__wd0p0001__h500__L2.json,/home/yhxu/spikingjelly/spikingjelly/spikingjelly/SNNFF/FF/SHD/result/fintune/shd_ff/runs/dynsrm__id106__tr1p5__trefr8__vth0p7__lr0p0008__a8__ig1p5__ls0p8__wd0p0001__h500__L2,DONE
dynsrm__id107__tr2__trefr10__vth1__lr0p002__a4__ig1p5__ls1p5__wd0p0001__h256__L1,dynsrm,/home/yhxu/spikingjelly/spikingjelly/spikingjelly/SNNFF/FF/SHD/result/fintune/shd_ff/configs/dynsrm__id107__tr2__trefr10__vth1__lr0p002__a4__ig1p5__ls1p5__wd0p0001__h256__L1.json,/home/yhxu/spikingjelly/spikingjelly/spikingjelly/SNNFF/FF/SHD/result/fintune/shd_ff/runs/dynsrm__id107__tr2__trefr10__vth1__lr0p002__a4__ig1p5__ls1p5__wd0p0001__h256__L1,DONE
dynsrm__id108__tr3__trefr6__vth1__lr0p0003__a4__ig1__ls1p5__wd0__h256__L1,dynsrm,/home/yhxu/spikingjelly/spikingjelly/spikingjelly/SNNFF/FF/SHD/result/fintune/shd_ff/configs/dynsrm__id108__tr3__trefr6__vth1__lr0p0003__a4__ig1__ls1p5__wd0__h256__L1.json,/home/yhxu/spikingjelly/spikingjelly/spikingjelly/SNNFF/FF/SHD/result/fintune/shd_ff/runs/dynsrm__id108__tr3__trefr6__vth1__lr0p0003__a4__ig1__ls1p5__wd0__h256__L1,DONE
dynsrm__id109__tr2__trefr12__vth0p3__lr0p001__a4__ig0p8__ls1p2__wd1em05__h384__L1,dynsrm,/home/yhxu/spikingjelly/spikingjelly/spikingjelly/SNNFF/FF/SHD/result/fintune/shd_ff/configs/dynsrm__id109__tr2__trefr12__vth0p3__lr0p001__a4__ig0p8__ls1p2__wd1em05__h384__L1.json,/home/yhxu/spikingjelly/spikingjelly/spikingjelly/SNNFF/FF/SHD/result/fintune/shd_ff/runs/dynsrm__id109__tr2__trefr12__vth0p3__lr0p001__a4__ig0p8__ls1p2__wd1em05__h384__L1,DONE
dynsrm__id110__tr3__trefr8__vth0p5__lr0p0003__a8__ig0p8__ls1p5__wd0p0001__h500__L2,dynsrm,/home/yhxu/spikingjelly/spikingjelly/spikingjelly/SNNFF/FF/SHD/result/fintune/shd_ff/configs/dynsrm__id110__tr3__trefr8__vth0p5__lr0p0003__a8__ig0p8__ls1p5__wd0p0001__h500__L2.json,/home/yhxu/spikingjelly/spikingjelly/spikingjelly/SNNFF/FF/SHD/result/fintune/shd_ff/runs/dynsrm__id110__tr3__trefr8__vth0p5__lr0p0003__a8__ig0p8__ls1p5__wd0p0001__h500__L2,DONE
dynsrm__id111__tr4__trefr8__vth1__lr0p001__a6__ig1__ls0p8__wd0__h256__L1,dynsrm,/home/yhxu/spikingjelly/spikingjelly/spikingjelly/SNNFF/FF/SHD/result/fintune/shd_ff/configs/dynsrm__id111__tr4__trefr8__vth1__lr0p001__a6__ig1__ls0p8__wd0__h256__L1.json,/home/yhxu/spikingjelly/spikingjelly/spikingjelly/SNNFF/FF/SHD/result/fintune/shd_ff/runs/dynsrm__id111__tr4__trefr8__vth1__lr0p001__a6__ig1__ls0p8__wd0__h256__L1,DONE
